degree,gamma,k_fold,lambda,precision,seed,avg_mse_te,avg_mse_tr
0,1e-10,5,1e-10,0.001,0,0.49999999995864,0.49999999995891997
0,1e-10,5,1e-10,0.001,0,0.49999999995864,0.49999999995891997
0,1e-10,5,3.593813663804626e-10,0.001,0,0.49999999995864,0.49999999995891997
0,1e-10,5,1.2915496650148826e-09,0.001,0,0.49999999995864,0.49999999995891997
0,1e-10,5,4.641588833612773e-09,0.001,0,0.49999999995864,0.49999999995891997
0,1e-10,5,1.6681005372000592e-08,0.001,0,0.49999999995864,0.49999999995891997
0,1e-10,5,5.99484250318941e-08,0.001,0,0.49999999995864,0.49999999995891997
0,1e-10,5,2.1544346900318867e-07,0.001,0,0.49999999995864,0.49999999995891997
0,1e-10,5,7.742636826811278e-07,0.001,0,0.49999999995864,0.49999999995891997
0,1e-10,5,2.782559402207126e-06,0.001,0,0.49999999995864,0.49999999995891997
0,1e-10,5,1e-05,0.001,0,0.4999999999586397,0.49999999995891964
0,1.7782794100389228e-09,5,1e-10,0.001,0,0.49999999926450367,0.4999999992694828
0,1.7782794100389228e-09,5,3.593813663804626e-10,0.001,0,0.49999999926450367,0.4999999992694828
0,1.7782794100389228e-09,5,1.2915496650148826e-09,0.001,0,0.49999999926450367,0.4999999992694828
0,1.7782794100389228e-09,5,4.641588833612773e-09,0.001,0,0.49999999926450367,0.4999999992694828
0,1.7782794100389228e-09,5,1.6681005372000592e-08,0.001,0,0.49999999926450367,0.4999999992694828
0,1.7782794100389228e-09,5,5.99484250318941e-08,0.001,0,0.49999999926450356,0.4999999992694828
0,1.7782794100389228e-09,5,2.1544346900318867e-07,0.001,0,0.49999999926450356,0.4999999992694827
0,1.7782794100389228e-09,5,7.742636826811278e-07,0.001,0,0.4999999992645032,0.49999999926948224
0,1.7782794100389228e-09,5,2.782559402207126e-06,0.001,0,0.4999999992645019,0.499999999269481
0,1.7782794100389228e-09,5,1e-05,0.001,0,0.49999999926449756,0.4999999992694768
0,3.162277660168379e-08,5,1e-10,0.001,0,0.49999998692082115,0.499999987009365
0,3.162277660168379e-08,5,3.593813663804626e-10,0.001,0,0.49999998692082115,0.499999987009365
0,3.162277660168379e-08,5,1.2915496650148826e-09,0.001,0,0.49999998692082115,0.499999987009365
0,3.162277660168379e-08,5,4.641588833612773e-09,0.001,0,0.49999998692082115,0.499999987009365
0,3.162277660168379e-08,5,1.6681005372000592e-08,0.001,0,0.4999999869208209,0.49999998700936465
0,3.162277660168379e-08,5,5.99484250318941e-08,0.001,0,0.49999998692082054,0.4999999870093643
0,3.162277660168379e-08,5,2.1544346900318867e-07,0.001,0,0.49999998692081876,0.49999998700936255
0,3.162277660168379e-08,5,7.742636826811278e-07,0.001,0,0.49999998692081266,0.4999999870093565
0,3.162277660168379e-08,5,2.782559402207126e-06,0.001,0,0.49999998692079106,0.49999998700933485
0,3.162277660168379e-08,5,1e-05,0.001,0,0.4999999869207128,0.4999999870092565
0,5.62341325190349e-07,5,1e-10,0.001,0,0.49999976741611574,0.49999976899067144
0,5.62341325190349e-07,5,3.593813663804626e-10,0.001,0,0.4999997674161158,0.49999976899067156
0,5.62341325190349e-07,5,1.2915496650148826e-09,0.001,0,0.49999976741611546,0.4999997689906712
0,5.62341325190349e-07,5,4.641588833612773e-09,0.001,0,0.49999976741611485,0.49999976899067056
0,5.62341325190349e-07,5,1.6681005372000592e-08,0.001,0,0.4999997674161126,0.4999997689906682
0,5.62341325190349e-07,5,5.99484250318941e-08,0.001,0,0.49999976741610425,0.49999976899065995
0,5.62341325190349e-07,5,2.1544346900318867e-07,0.001,0,0.4999997674160742,0.4999997689906299
0,5.62341325190349e-07,5,7.742636826811278e-07,0.001,0,0.4999997674159667,0.49999976899052234
0,5.62341325190349e-07,5,2.782559402207126e-06,0.001,0,0.4999997674155794,0.49999976899013504
0,5.62341325190349e-07,5,1e-05,0.001,0,0.49999976741418806,0.49999976898874376
0,1e-05,5,1e-10,0.001,0,0.49999586415427855,0.49999589215427853
0,1e-05,5,3.593813663804626e-10,0.001,0,0.49999586415427766,0.49999589215427764
0,1e-05,5,1.2915496650148826e-09,0.001,0,0.4999958641542743,0.4999958921542744
0,1e-05,5,4.641588833612773e-09,0.001,0,0.499995864154263,0.49999589215426293
0,1e-05,5,1.6681005372000592e-08,0.001,0,0.49999586415422165,0.49999589215422163
0,1e-05,5,5.99484250318941e-08,0.001,0,0.4999958641540733,0.49999589215407325
0,1e-05,5,2.1544346900318867e-07,0.001,0,0.49999586415354014,0.4999958921535401
0,1e-05,5,7.742636826811278e-07,0.001,0,0.4999958641516247,0.49999589215162465
0,1e-05,5,2.782559402207126e-06,0.001,0,0.4999958641447406,0.4999958921447406
0,1e-05,5,1e-05,0.001,0,0.49999586411999997,0.49999589211999995
1,1e-10,5,1e-10,0.001,0,0.4999999998512411,0.49999999984867977
1,1e-10,5,3.593813663804626e-10,0.001,0,0.4999999998512411,0.49999999984867977
1,1e-10,5,1.2915496650148826e-09,0.001,0,0.4999999998512411,0.49999999984867977
1,1e-10,5,4.641588833612773e-09,0.001,0,0.4999999998512411,0.49999999984867977
1,1e-10,5,1.6681005372000592e-08,0.001,0,0.4999999998512411,0.49999999984867977
1,1e-10,5,5.99484250318941e-08,0.001,0,0.4999999998512411,0.4999999998486797
1,1e-10,5,2.1544346900318867e-07,0.001,0,0.4999999998512411,0.4999999998486797
1,1e-10,5,7.742636826811278e-07,0.001,0,0.499999999851241,0.4999999998486796
1,1e-10,5,2.782559402207126e-06,0.001,0,0.49999999985124083,0.4999999998486795
1,1e-10,5,1e-05,0.001,0,0.4999999998512402,0.4999999998486788
1,1.7782794100389228e-09,5,1e-10,0.001,0,0.49999999735465084,0.4999999973091027
1,1.7782794100389228e-09,5,3.593813663804626e-10,0.001,0,0.49999999735465084,0.4999999973091027
1,1.7782794100389228e-09,5,1.2915496650148826e-09,0.001,0,0.49999999735465084,0.4999999973091027
1,1.7782794100389228e-09,5,4.641588833612773e-09,0.001,0,0.49999999735465084,0.4999999973091027
1,1.7782794100389228e-09,5,1.6681005372000592e-08,0.001,0,0.49999999735465084,0.4999999973091027
1,1.7782794100389228e-09,5,5.99484250318941e-08,0.001,0,0.4999999973546508,0.49999999730910266
1,1.7782794100389228e-09,5,2.1544346900318867e-07,0.001,0,0.4999999973546505,0.49999999730910244
1,1.7782794100389228e-09,5,7.742636826811278e-07,0.001,0,0.49999999735464973,0.49999999730910144
1,1.7782794100389228e-09,5,2.782559402207126e-06,0.001,0,0.4999999973546466,0.49999999730909817
1,1.7782794100389228e-09,5,1e-05,0.001,0,0.4999999973546354,0.49999999730908645
1,3.162277660168379e-08,5,1e-10,0.001,0,0.4999999529583571,0.4999999521483829
1,3.162277660168379e-08,5,3.593813663804626e-10,0.001,0,0.4999999529583571,0.4999999521483829
1,3.162277660168379e-08,5,1.2915496650148826e-09,0.001,0,0.4999999529583571,0.49999995214838294
1,3.162277660168379e-08,5,4.641588833612773e-09,0.001,0,0.499999952958357,0.49999995214838283
1,3.162277660168379e-08,5,1.6681005372000592e-08,0.001,0,0.4999999529583566,0.4999999521483825
1,3.162277660168379e-08,5,5.99484250318941e-08,0.001,0,0.4999999529583554,0.4999999521483812
1,3.162277660168379e-08,5,2.1544346900318867e-07,0.001,0,0.49999995295835115,0.4999999521483767
1,3.162277660168379e-08,5,7.742636826811278e-07,0.001,0,0.49999995295833577,0.49999995214836057
1,3.162277660168379e-08,5,2.782559402207126e-06,0.001,0,0.4999999529582806,0.4999999521483025
1,3.162277660168379e-08,5,1e-05,0.001,0,0.4999999529580819,0.499999952148094
1,5.62341325190349e-07,5,1e-10,0.001,0,0.49999916348573126,0.49999914908189314
1,5.62341325190349e-07,5,3.593813663804626e-10,0.001,0,0.49999916348573115,0.499999149081893
1,5.62341325190349e-07,5,1.2915496650148826e-09,0.001,0,0.4999991634857307,0.49999914908189247
1,5.62341325190349e-07,5,4.641588833612773e-09,0.001,0,0.49999916348572904,0.49999914908189086
1,5.62341325190349e-07,5,1.6681005372000592e-08,0.001,0,0.49999916348572315,0.4999991490818847
1,5.62341325190349e-07,5,5.99484250318941e-08,0.001,0,0.49999916348570195,0.49999914908186244
1,5.62341325190349e-07,5,2.1544346900318867e-07,0.001,0,0.4999991634856259,0.49999914908178256
1,5.62341325190349e-07,5,7.742636826811278e-07,0.001,0,0.49999916348535256,0.4999991490814954
1,5.62341325190349e-07,5,2.782559402207126e-06,0.001,0,0.49999916348437,0.4999991490804636
1,5.62341325190349e-07,5,1e-05,0.001,0,0.49999916348083917,0.4999991490767556
1,1e-05,5,1e-10,0.001,0,0.49998512999836175,0.49998487378377926
1,1e-05,5,3.593813663804626e-10,0.001,0,0.49998512999835937,0.499984873783777
1,1e-05,5,1.2915496650148826e-09,0.001,0,0.4999851299983514,0.4999848737837685
1,1e-05,5,4.641588833612773e-09,0.001,0,0.49998512999832223,0.4999848737837379
1,1e-05,5,1.6681005372000592e-08,0.001,0,0.4999851299982175,0.4999848737836279
1,1e-05,5,5.99484250318941e-08,0.001,0,0.4999851299978414,0.49998487378323286
1,1e-05,5,2.1544346900318867e-07,0.001,0,0.49998512999648953,0.4999848737818131
1,1e-05,5,7.742636826811278e-07,0.001,0,0.4999851299916312,0.49998487377671097
1,1e-05,5,2.782559402207126e-06,0.001,0,0.49998512997417144,0.4999848737583744
1,1e-05,5,1e-05,0.001,0,0.4999851299114241,0.49998487369247624
2,1e-10,5,1e-10,0.001,0,0.4999999992238073,0.4999999992423112
2,1e-10,5,3.593813663804626e-10,0.001,0,0.4999999992238073,0.4999999992423112
2,1e-10,5,1.2915496650148826e-09,0.001,0,0.4999999992238073,0.4999999992423112
2,1e-10,5,4.641588833612773e-09,0.001,0,0.4999999992238073,0.4999999992423112
2,1e-10,5,1.6681005372000592e-08,0.001,0,0.4999999992238073,0.4999999992423112
2,1e-10,5,5.99484250318941e-08,0.001,0,0.4999999992238072,0.49999999924231114
2,1e-10,5,2.1544346900318867e-07,0.001,0,0.49999999922380717,0.499999999242311
2,1e-10,5,7.742636826811278e-07,0.001,0,0.4999999992238068,0.4999999992423106
2,1e-10,5,2.782559402207126e-06,0.001,0,0.49999999922380534,0.4999999992423092
2,1e-10,5,1e-05,0.001,0,0.49999999922380023,0.499999999242304
2,1.7782794100389228e-09,5,1e-10,0.001,0,0.4999999861971301,0.49999998652617894
2,1.7782794100389228e-09,5,3.593813663804626e-10,0.001,0,0.4999999861971301,0.49999998652617894
2,1.7782794100389228e-09,5,1.2915496650148826e-09,0.001,0,0.4999999861971301,0.49999998652617894
2,1.7782794100389228e-09,5,4.641588833612773e-09,0.001,0,0.49999998619713004,0.4999999865261789
2,1.7782794100389228e-09,5,1.6681005372000592e-08,0.001,0,0.49999998619712993,0.49999998652617883
2,1.7782794100389228e-09,5,5.99484250318941e-08,0.001,0,0.4999999861971294,0.49999998652617816
2,1.7782794100389228e-09,5,2.1544346900318867e-07,0.001,0,0.4999999861971274,0.4999999865261762
2,1.7782794100389228e-09,5,7.742636826811278e-07,0.001,0,0.4999999861971204,0.49999998652616906
2,1.7782794100389228e-09,5,2.782559402207126e-06,0.001,0,0.49999998619709485,0.4999999865261435
2,1.7782794100389228e-09,5,1e-05,0.001,0,0.49999998619700337,0.4999999865260515
2,3.162277660168379e-08,5,1e-10,0.001,0,0.49999975454791723,0.4999997603989375
2,3.162277660168379e-08,5,3.593813663804626e-10,0.001,0,0.49999975454791723,0.4999997603989375
2,3.162277660168379e-08,5,1.2915496650148826e-09,0.001,0,0.4999997545479169,0.49999976039893723
2,3.162277660168379e-08,5,4.641588833612773e-09,0.001,0,0.4999997545479162,0.49999976039893657
2,3.162277660168379e-08,5,1.6681005372000592e-08,0.001,0,0.4999997545479135,0.4999997603989338
2,3.162277660168379e-08,5,5.99484250318941e-08,0.001,0,0.4999997545479037,0.499999760398924
2,3.162277660168379e-08,5,2.1544346900318867e-07,0.001,0,0.4999997545478686,0.4999997603988887
2,3.162277660168379e-08,5,7.742636826811278e-07,0.001,0,0.49999975454774276,0.49999976039876204
2,3.162277660168379e-08,5,2.782559402207126e-06,0.001,0,0.4999997545472902,0.4999997603983066
2,3.162277660168379e-08,5,1e-05,0.001,0,0.4999997545456638,0.49999976039667027
2,5.62341325190349e-07,5,1e-10,0.001,0,0.49999563565373395,0.49999573957873045
2,5.62341325190349e-07,5,3.593813663804626e-10,0.001,0,0.4999956356537329,0.4999957395787294
2,5.62341325190349e-07,5,1.2915496650148826e-09,0.001,0,0.49999563565372906,0.4999957395787256
2,5.62341325190349e-07,5,4.641588833612773e-09,0.001,0,0.49999563565371563,0.49999573957871213
2,5.62341325190349e-07,5,1.6681005372000592e-08,0.001,0,0.49999563565366745,0.49999573957866356
2,5.62341325190349e-07,5,5.99484250318941e-08,0.001,0,0.49999563565349414,0.49999573957848914
2,5.62341325190349e-07,5,2.1544346900318867e-07,0.001,0,0.4999956356528711,0.49999573957786225
2,5.62341325190349e-07,5,7.742636826811278e-07,0.001,0,0.4999956356506319,0.4999957395756093
2,5.62341325190349e-07,5,2.782559402207126e-06,0.001,0,0.49999563564258476,0.49999573956751275
2,5.62341325190349e-07,5,1e-05,0.001,0,0.49999563561366456,0.49999573953841525
2,1e-05,5,1e-10,0.001,0,0.49992254074534453,0.49992435008743175
2,1e-05,5,3.593813663804626e-10,0.001,0,0.49992254074532605,0.49992435008741326
2,1e-05,5,1.2915496650148826e-09,0.001,0,0.49992254074525977,0.4999243500873465
2,1e-05,5,4.641588833612773e-09,0.001,0,0.49992254074502146,0.4999243500871067
2,1e-05,5,1.6681005372000592e-08,0.001,0,0.49992254074416487,0.49992435008624464
2,1e-05,5,5.99484250318941e-08,0.001,0,0.49992254074108666,0.499924350083147
2,1e-05,5,2.1544346900318867e-07,0.001,0,0.4999225407300242,0.4999243500720146
2,1e-05,5,7.742636826811278e-07,0.001,0,0.4999225406902675,0.49992435003200675
2,1e-05,5,2.782559402207126e-06,0.001,0,0.49992254054738955,0.4999243498882262
2,1e-05,5,1e-05,0.001,0,0.49992254003391273,0.49992434937150554
3,1e-10,5,1e-10,0.001,0,0.4999999996899533,0.4999999992392018
3,1e-10,5,3.593813663804626e-10,0.001,0,0.4999999996899533,0.4999999992392018
3,1e-10,5,1.2915496650148826e-09,0.001,0,0.4999999996899533,0.4999999992392018
3,1e-10,5,4.641588833612773e-09,0.001,0,0.4999999996899533,0.4999999992392018
3,1e-10,5,1.6681005372000592e-08,0.001,0,0.4999999996899533,0.4999999992392018
3,1e-10,5,5.99484250318941e-08,0.001,0,0.49999999968995323,0.4999999992392018
3,1e-10,5,2.1544346900318867e-07,0.001,0,0.4999999996899532,0.4999999992392017
3,1e-10,5,7.742636826811278e-07,0.001,0,0.499999999689953,0.4999999992392016
3,1e-10,5,2.782559402207126e-06,0.001,0,0.4999999996899521,0.49999999923920074
3,1e-10,5,1e-05,0.001,0,0.4999999996899494,0.49999999923919813
3,1.7782794100389228e-09,5,1e-10,0.001,0,0.4999999944900837,0.4999999864722302
3,1.7782794100389228e-09,5,3.593813663804626e-10,0.001,0,0.4999999944900837,0.4999999864722302
3,1.7782794100389228e-09,5,1.2915496650148826e-09,0.001,0,0.4999999944900837,0.4999999864722302
3,1.7782794100389228e-09,5,4.641588833612773e-09,0.001,0,0.4999999944900837,0.4999999864722302
3,1.7782794100389228e-09,5,1.6681005372000592e-08,0.001,0,0.49999999449008364,0.49999998647223015
3,1.7782794100389228e-09,5,5.99484250318941e-08,0.001,0,0.49999999449008325,0.4999999864722298
3,1.7782794100389228e-09,5,2.1544346900318867e-07,0.001,0,0.49999999449008214,0.49999998647222876
3,1.7782794100389228e-09,5,7.742636826811278e-07,0.001,0,0.49999999449007826,0.4999999864722251
3,1.7782794100389228e-09,5,2.782559402207126e-06,0.001,0,0.4999999944900643,0.4999999864722118
3,1.7782794100389228e-09,5,1e-05,0.001,0,0.499999994490014,0.49999998647216404
3,3.162277660168379e-08,5,1e-10,0.001,0,0.49999990315051407,0.4999997598647181
3,3.162277660168379e-08,5,3.593813663804626e-10,0.001,0,0.4999999031505141,0.4999997598647181
3,3.162277660168379e-08,5,1.2915496650148826e-09,0.001,0,0.49999990315051396,0.499999759864718
3,3.162277660168379e-08,5,4.641588833612773e-09,0.001,0,0.49999990315051357,0.4999997598647176
3,3.162277660168379e-08,5,1.6681005372000592e-08,0.001,0,0.499999903150512,0.49999975986471623
3,3.162277660168379e-08,5,5.99484250318941e-08,0.001,0,0.49999990315050663,0.4999997598647111
3,3.162277660168379e-08,5,2.1544346900318867e-07,0.001,0,0.49999990315048737,0.49999975986469286
3,3.162277660168379e-08,5,7.742636826811278e-07,0.001,0,0.4999999031504182,0.49999975986462714
3,3.162277660168379e-08,5,2.782559402207126e-06,0.001,0,0.4999999031501693,0.49999975986439094
3,3.162277660168379e-08,5,1e-05,0.001,0,0.4999999031492751,0.4999997598635423
3,5.62341325190349e-07,5,1e-10,0.001,0,0.499998635784808,0.4999958645195144
3,5.62341325190349e-07,5,3.593813663804626e-10,0.001,0,0.4999986357848075,0.4999958645195139
3,5.62341325190349e-07,5,1.2915496650148826e-09,0.001,0,0.4999986357848055,0.49999586451951195
3,5.62341325190349e-07,5,4.641588833612773e-09,0.001,0,0.4999986357847981,0.499995864519505
3,5.62341325190349e-07,5,1.6681005372000592e-08,0.001,0,0.49999863578477205,0.4999958645194801
3,5.62341325190349e-07,5,5.99484250318941e-08,0.001,0,0.499998635784678,0.49999586451939027
3,5.62341325190349e-07,5,2.1544346900318867e-07,0.001,0,0.49999863578434034,0.4999958645190677
3,5.62341325190349e-07,5,7.742636826811278e-07,0.001,0,0.49999863578312664,0.49999586451790823
3,5.62341325190349e-07,5,2.782559402207126e-06,0.001,0,0.4999986357787646,0.4999958645137417
3,5.62341325190349e-07,5,1e-05,0.001,0,0.49999863576308856,0.49999586449876754
3,1e-05,5,1e-10,0.001,0,0.5000889594166108,0.4999690844848098
3,1e-05,5,3.593813663804626e-10,0.001,0,0.5000889594166034,0.4999690844848016
3,1e-05,5,1.2915496650148826e-09,0.001,0,0.5000889594165766,0.499969084484772
3,1e-05,5,4.641588833612773e-09,0.001,0,0.5000889594164805,0.4999690844846658
3,1e-05,5,1.6681005372000592e-08,0.001,0,0.5000889594161351,0.49996908448428395
3,1e-05,5,5.99484250318941e-08,0.001,0,0.5000889594148938,0.4999690844829119
3,1e-05,5,2.1544346900318867e-07,0.001,0,0.5000889594104331,0.49996908447798094
3,1e-05,5,7.742636826811278e-07,0.001,0,0.5000889593944016,0.4999690844602598
3,1e-05,5,2.782559402207126e-06,0.001,0,0.5000889593367875,0.4999690843965733
3,1e-05,5,1e-05,0.001,0,0.5000889591297335,0.49996908416769603
4,1e-10,5,1e-10,0.001,0,0.5000000457580269,0.5000000158619126
4,1e-10,5,3.593813663804626e-10,0.001,0,0.5000000457580269,0.5000000158619126
4,1e-10,5,1.2915496650148826e-09,0.001,0,0.5000000457580269,0.5000000158619126
4,1e-10,5,4.641588833612773e-09,0.001,0,0.5000000457580269,0.5000000158619126
4,1e-10,5,1.6681005372000592e-08,0.001,0,0.5000000457580267,0.5000000158619125
4,1e-10,5,5.99484250318941e-08,0.001,0,0.5000000457580265,0.5000000158619122
4,1e-10,5,2.1544346900318867e-07,0.001,0,0.5000000457580256,0.5000000158619113
4,1e-10,5,7.742636826811278e-07,0.001,0,0.5000000457580224,0.5000000158619081
4,1e-10,5,2.782559402207126e-06,0.001,0,0.5000000457580107,0.5000000158618965
4,1e-10,5,1e-05,0.001,0,0.5000000457579689,0.5000000158618547
4,1.7782794100389228e-09,5,1e-10,0.001,0,0.5000008183369996,0.5000002832032194
4,1.7782794100389228e-09,5,3.593813663804626e-10,0.001,0,0.5000008183369996,0.5000002832032193
4,1.7782794100389228e-09,5,1.2915496650148826e-09,0.001,0,0.5000008183369995,0.5000002832032193
4,1.7782794100389228e-09,5,4.641588833612773e-09,0.001,0,0.5000008183369992,0.5000002832032189
4,1.7782794100389228e-09,5,1.6681005372000592e-08,0.001,0,0.5000008183369979,0.5000002832032177
4,1.7782794100389228e-09,5,5.99484250318941e-08,0.001,0,0.5000008183369935,0.5000002832032132
4,1.7782794100389228e-09,5,2.1544346900318867e-07,0.001,0,0.5000008183369775,0.5000002832031972
4,1.7782794100389228e-09,5,7.742636826811278e-07,0.001,0,0.5000008183369199,0.5000002832031398
4,1.7782794100389228e-09,5,2.782559402207126e-06,0.001,0,0.5000008183367128,0.5000002832029334
4,1.7782794100389228e-09,5,1e-05,0.001,0,0.5000008183359689,0.5000002832021917
4,3.162277660168379e-08,5,1e-10,0.001,0,0.5000160169048762,0.5000053947763865
4,3.162277660168379e-08,5,3.593813663804626e-10,0.001,0,0.5000160169048757,0.5000053947763861
4,3.162277660168379e-08,5,1.2915496650148826e-09,0.001,0,0.5000160169048741,0.5000053947763844
4,3.162277660168379e-08,5,4.641588833612773e-09,0.001,0,0.500016016904868,0.5000053947763783
4,3.162277660168379e-08,5,1.6681005372000592e-08,0.001,0,0.5000160169048463,0.5000053947763565
4,3.162277660168379e-08,5,5.99484250318941e-08,0.001,0,0.5000160169047682,0.5000053947762779
4,3.162277660168379e-08,5,2.1544346900318867e-07,0.001,0,0.5000160169044876,0.5000053947759956
4,3.162277660168379e-08,5,7.742636826811278e-07,0.001,0,0.5000160169034791,0.5000053947749811
4,3.162277660168379e-08,5,2.782559402207126e-06,0.001,0,0.5000160168998549,0.5000053947713349
4,3.162277660168379e-08,5,1e-05,0.001,0,0.5000160168868302,0.5000053947582312
4,5.62341325190349e-07,5,1e-10,0.001,0,0.5007479676117884,0.5002093433693576
4,5.62341325190349e-07,5,3.593813663804626e-10,0.001,0,0.5007479676117823,0.5002093433693502
4,5.62341325190349e-07,5,1.2915496650148826e-09,0.001,0,0.5007479676117608,0.5002093433693237
4,5.62341325190349e-07,5,4.641588833612773e-09,0.001,0,0.5007479676116833,0.5002093433692283
4,5.62341325190349e-07,5,1.6681005372000592e-08,0.001,0,0.5007479676114047,0.5002093433688851
4,5.62341325190349e-07,5,5.99484250318941e-08,0.001,0,0.5007479676104036,0.5002093433676522
4,5.62341325190349e-07,5,2.1544346900318867e-07,0.001,0,0.5007479676068058,0.5002093433632213
4,5.62341325190349e-07,5,7.742636826811278e-07,0.001,0,0.5007479675938764,0.5002093433472975
4,5.62341325190349e-07,5,2.782559402207126e-06,0.001,0,0.50074796754741,0.5002093432900704
4,5.62341325190349e-07,5,1e-05,0.001,0,0.5007479673804184,0.5002093430844068
4,1e-05,5,1e-10,0.001,0,0.6586168050670742,0.5406888810927314
4,1e-05,5,3.593813663804626e-10,0.001,0,0.6586168050682096,0.5406888810931529
4,1e-05,5,1.2915496650148826e-09,0.001,0,0.6586168050722903,0.5406888810946677
4,1e-05,5,4.641588833612773e-09,0.001,0,0.6586168050869555,0.5406888811001116
4,1e-05,5,1.6681005372000592e-08,0.001,0,0.6586168051396597,0.5406888811196755
4,1e-05,5,5.99484250318941e-08,0.001,0,0.6586168053290689,0.5406888811899849
4,1e-05,5,2.1544346900318867e-07,0.001,0,0.6586168060097701,0.5406888814426637
4,1e-05,5,7.742636826811278e-07,0.001,0,0.6586168084560833,0.5406888823507444
4,1e-05,5,2.782559402207126e-06,0.001,0,0.6586168172476774,0.5406888856142179
4,1e-05,5,1e-05,0.001,0,0.658616848843037,0.5406888973425413
5,1e-10,5,1e-10,0.001,0,0.5000028494475591,0.5000009359137071
5,1e-10,5,3.593813663804626e-10,0.001,0,0.5000028494475591,0.5000009359137072
5,1e-10,5,1.2915496650148826e-09,0.001,0,0.500002849447559,0.5000009359137072
5,1e-10,5,4.641588833612773e-09,0.001,0,0.5000028494475591,0.5000009359137072
5,1e-10,5,1.6681005372000592e-08,0.001,0,0.5000028494475592,0.5000009359137074
5,1e-10,5,5.99484250318941e-08,0.001,0,0.5000028494475598,0.5000009359137082
5,1e-10,5,2.1544346900318867e-07,0.001,0,0.5000028494475615,0.5000009359137111
5,1e-10,5,7.742636826811278e-07,0.001,0,0.5000028494475676,0.5000009359137211
5,1e-10,5,2.782559402207126e-06,0.001,0,0.5000028494475899,0.5000009359137573
5,1e-10,5,1e-05,0.001,0,0.5000028494476698,0.5000009359138873
5,1.7782794100389228e-09,5,1e-10,0.001,0,0.5000581220503545,0.5000179314416213
5,1.7782794100389228e-09,5,3.593813663804626e-10,0.001,0,0.5000581220503545,0.5000179314416214
5,1.7782794100389228e-09,5,1.2915496650148826e-09,0.001,0,0.5000581220503548,0.5000179314416217
5,1.7782794100389228e-09,5,4.641588833612773e-09,0.001,0,0.5000581220503555,0.5000179314416228
5,1.7782794100389228e-09,5,1.6681005372000592e-08,0.001,0,0.5000581220503583,0.5000179314416268
5,1.7782794100389228e-09,5,5.99484250318941e-08,0.001,0,0.5000581220503681,0.500017931441641
5,1.7782794100389228e-09,5,2.1544346900318867e-07,0.001,0,0.5000581220504036,0.5000179314416924
5,1.7782794100389228e-09,5,7.742636826811278e-07,0.001,0,0.500058122050531,0.5000179314418771
5,1.7782794100389228e-09,5,2.782559402207126e-06,0.001,0,0.5000581220509889,0.5000179314425408
5,1.7782794100389228e-09,5,1e-05,0.001,0,0.5000581220526342,0.5000179314449259
5,3.162277660168379e-08,5,1e-10,0.001,0,0.5033897572512805,0.5007262612842996
5,3.162277660168379e-08,5,3.593813663804626e-10,0.001,0,0.5033897572512842,0.5007262612843021
5,3.162277660168379e-08,5,1.2915496650148826e-09,0.001,0,0.5033897572512972,0.5007262612843105
5,3.162277660168379e-08,5,4.641588833612773e-09,0.001,0,0.5033897572513437,0.5007262612843407
5,3.162277660168379e-08,5,1.6681005372000592e-08,0.001,0,0.5033897572515108,0.5007262612844496
5,3.162277660168379e-08,5,5.99484250318941e-08,0.001,0,0.5033897572521115,0.5007262612848408
5,3.162277660168379e-08,5,2.1544346900318867e-07,0.001,0,0.5033897572542706,0.5007262612862465
5,3.162277660168379e-08,5,7.742636826811278e-07,0.001,0,0.5033897572620298,0.5007262612912986
5,3.162277660168379e-08,5,2.782559402207126e-06,0.001,0,0.5033897572899148,0.5007262613094545
5,3.162277660168379e-08,5,1e-05,0.001,0,0.5033897573901278,0.500726261374704
5,5.62341325190349e-07,5,1e-10,0.001,0,1.3053694055630014,0.6417428519760018
5,5.62341325190349e-07,5,3.593813663804626e-10,0.001,0,1.3053694055638718,0.6417428519763029
5,5.62341325190349e-07,5,1.2915496650148826e-09,0.001,0,1.3053694055669995,0.6417428519773855
5,5.62341325190349e-07,5,4.641588833612773e-09,0.001,0,1.3053694055782417,0.6417428519812756
5,5.62341325190349e-07,5,1.6681005372000592e-08,0.001,0,1.3053694056186418,0.6417428519952565
5,5.62341325190349e-07,5,5.99484250318941e-08,0.001,0,1.3053694057638328,0.6417428520455007
5,5.62341325190349e-07,5,2.1544346900318867e-07,0.001,0,1.305369406285623,0.6417428522260699
5,5.62341325190349e-07,5,7.742636826811278e-07,0.001,0,1.305369408160838,0.6417428528750013
5,5.62341325190349e-07,5,2.782559402207126e-06,0.001,0,1.3053694149000117,0.6417428552071406
5,5.62341325190349e-07,5,1e-05,0.001,0,1.30536943911935,0.641742863588416
5,1e-05,5,1e-10,0.001,0,250.43246113091232,43.759108929405045
5,1e-05,5,3.593813663804626e-10,0.001,0,250.43246113122487,43.759108929516714
5,1e-05,5,1.2915496650148826e-09,0.001,0,250.43246113234866,43.75910892991805
5,1e-05,5,4.641588833612773e-09,0.001,0,250.43246113638722,43.759108931360316
5,1e-05,5,1.6681005372000592e-08,0.001,0,250.4324611509012,43.759108936543605
5,1e-05,5,5.99484250318941e-08,0.001,0,250.43246120306094,43.75910895517137
5,1e-05,5,2.1544346900318867e-07,0.001,0,250.4324613905141,43.759109022116085
5,1e-05,5,7.742636826811278e-07,0.001,0,250.4324620641853,43.759109262702914
5,1e-05,5,2.782559402207126e-06,0.001,0,250.43246448523408,43.759110127327155
5,1e-05,5,1e-05,0.001,0,250.4324731860343,43.75911323462658
6,1e-10,5,1e-10,0.001,0,0.5001724382180762,0.5000424158473171
6,1e-10,5,3.593813663804626e-10,0.001,0,0.5001724382180761,0.500042415847317
6,1e-10,5,1.2915496650148826e-09,0.001,0,0.5001724382180759,0.5000424158473167
6,1e-10,5,4.641588833612773e-09,0.001,0,0.5001724382180748,0.5000424158473155
6,1e-10,5,1.6681005372000592e-08,0.001,0,0.5001724382180709,0.5000424158473114
6,1e-10,5,5.99484250318941e-08,0.001,0,0.5001724382180571,0.5000424158472966
6,1e-10,5,2.1544346900318867e-07,0.001,0,0.5001724382180073,0.5000424158472433
6,1e-10,5,7.742636826811278e-07,0.001,0,0.5001724382178285,0.5000424158470517
6,1e-10,5,2.782559402207126e-06,0.001,0,0.5001724382171857,0.5000424158463631
6,1e-10,5,1e-05,0.001,0,0.500172438214876,0.5000424158438889
6,1.7782794100389228e-09,5,1e-10,0.001,0,0.5156545673278471,0.5023342746022454
6,1.7782794100389228e-09,5,3.593813663804626e-10,0.001,0,0.5156545673278488,0.5023342746022447
6,1.7782794100389228e-09,5,1.2915496650148826e-09,0.001,0,0.5156545673278551,0.5023342746022422
6,1.7782794100389228e-09,5,4.641588833612773e-09,0.001,0,0.5156545673278773,0.5023342746022333
6,1.7782794100389228e-09,5,1.6681005372000592e-08,0.001,0,0.515654567327957,0.502334274602201
6,1.7782794100389228e-09,5,5.99484250318941e-08,0.001,0,0.5156545673282436,0.5023342746020852
6,1.7782794100389228e-09,5,2.1544346900318867e-07,0.001,0,0.5156545673292734,0.502334274601669
6,1.7782794100389228e-09,5,7.742636826811278e-07,0.001,0,0.5156545673329747,0.502334274600173
6,1.7782794100389228e-09,5,2.782559402207126e-06,0.001,0,0.5156545673462758,0.5023342745947965
6,1.7782794100389228e-09,5,1e-05,0.001,0,0.5156545673940782,0.502334274575475
6,3.162277660168379e-08,5,1e-10,0.001,0,4.737747770766866,1.0473788950865268
6,3.162277660168379e-08,5,3.593813663804626e-10,0.001,0,4.737747770768754,1.0473788950869254
6,3.162277660168379e-08,5,1.2915496650148826e-09,0.001,0,4.737747770775546,1.0473788950883585
6,3.162277660168379e-08,5,4.641588833612773e-09,0.001,0,4.737747770799952,1.0473788950935086
6,3.162277660168379e-08,5,1.6681005372000592e-08,0.001,0,4.737747770887661,1.047378895112016
6,3.162277660168379e-08,5,5.99484250318941e-08,0.001,0,4.7377477712028675,1.0473788951785292
6,3.162277660168379e-08,5,2.1544346900318867e-07,0.001,0,4.737747772335665,1.047378895417565
6,3.162277660168379e-08,5,7.742636826811278e-07,0.001,0,4.737747776406727,1.0473788962766146
6,3.162277660168379e-08,5,2.782559402207126e-06,0.001,0,4.737747791037366,1.0473788993638788
6,3.162277660168379e-08,5,1e-05,0.001,0,4.737747843617158,1.0473789104589337
6,5.62341325190349e-07,5,1e-10,0.001,0,1326.653709254201,170.50456472988802
6,5.62341325190349e-07,5,3.593813663804626e-10,0.001,0,1326.6537092548006,170.5045647300159
6,5.62341325190349e-07,5,1.2915496650148826e-09,0.001,0,1326.653709256955,170.5045647304754
6,5.62341325190349e-07,5,4.641588833612773e-09,0.001,0,1326.6537092646968,170.50456473212668
6,5.62341325190349e-07,5,1.6681005372000592e-08,0.001,0,1326.653709292521,170.50456473806108
6,5.62341325190349e-07,5,5.99484250318941e-08,0.001,0,1326.653709392515,170.50456475938816
6,5.62341325190349e-07,5,2.1544346900318867e-07,0.001,0,1326.6537097518733,170.5045648360338
6,5.62341325190349e-07,5,7.742636826811278e-07,0.001,0,1326.65371104334,170.50456511148377
6,5.62341325190349e-07,5,2.782559402207126e-06,0.001,0,1326.6537156846352,170.50456610139992
6,5.62341325190349e-07,5,1e-05,0.001,0,1326.6537323645816,170.50456965897425
6,1e-05,5,1e-10,0.001,0,419109.47851993074,53705.55003315592
6,1e-05,5,3.593813663804626e-10,0.001,0,419109.4785201198,53705.55003319138
6,1e-05,5,1.2915496650148826e-09,0.001,0,419109.47852079966,53705.55003331877
6,1e-05,5,4.641588833612773e-09,0.001,0,419109.47852324275,53705.55003377658
6,1e-05,5,1.6681005372000592e-08,0.001,0,419109.47853202315,53705.5500354218
6,1e-05,5,5.99484250318941e-08,0.001,0,419109.47856357833,53705.550041334536
6,1e-05,5,2.1544346900318867e-07,0.001,0,419109.4786769814,53705.550062583716
6,1e-05,5,7.742636826811278e-07,0.001,0,419109.4790845308,53705.55013894934
6,1e-05,5,2.782559402207126e-06,0.001,0,419109.4805491876,53705.550413393175
6,1e-05,5,1e-05,0.001,0,419109.4858128917,53705.55139969327
7,1e-10,5,1e-10,0.001,0,0.5797105388276689,0.5082178344075694
7,1e-10,5,3.593813663804626e-10,0.001,0,0.5797105388276738,0.5082178344075708
7,1e-10,5,1.2915496650148826e-09,0.001,0,0.5797105388276913,0.5082178344075766
7,1e-10,5,4.641588833612773e-09,0.001,0,0.5797105388277546,0.5082178344075976
7,1e-10,5,1.6681005372000592e-08,0.001,0,0.579710538827982,0.5082178344076722
7,1e-10,5,5.99484250318941e-08,0.001,0,0.5797105388287992,0.508217834407941
7,1e-10,5,2.1544346900318867e-07,0.001,0,0.579710538831736,0.5082178344089064
7,1e-10,5,7.742636826811278e-07,0.001,0,0.5797105388422901,0.5082178344123766
7,1e-10,5,2.782559402207126e-06,0.001,0,0.5797105388802201,0.5082178344248475
7,1e-10,5,1e-05,0.001,0,0.5797105390165332,0.5082178344696654
7,1.7782794100389228e-09,5,1e-10,0.001,0,23.994685120462574,2.6789633098337937
7,1.7782794100389228e-09,5,3.593813663804626e-10,0.001,0,23.99468512046402,2.67896330983412
7,1.7782794100389228e-09,5,1.2915496650148826e-09,0.001,0,23.99468512046917,2.67896330983529
7,1.7782794100389228e-09,5,4.641588833612773e-09,0.001,0,23.994685120487702,2.6789633098394954
7,1.7782794100389228e-09,5,1.6681005372000592e-08,0.001,0,23.99468512055432,2.678963309854608
7,1.7782794100389228e-09,5,5.99484250318941e-08,0.001,0,23.994685120793704,2.6789633099089225
7,1.7782794100389228e-09,5,2.1544346900318867e-07,0.001,0,23.99468512165407,2.6789633101041193
7,1.7782794100389228e-09,5,7.742636826811278e-07,0.001,0,23.994685124745995,2.6789633108056146
7,1.7782794100389228e-09,5,2.782559402207126e-06,0.001,0,23.99468513585785,2.6789633133266637
7,1.7782794100389228e-09,5,1e-05,0.001,0,23.99468517579178,2.6789633223868443
7,3.162277660168379e-08,5,1e-10,0.001,0,7399.726828298349,682.0845745622366
7,3.162277660168379e-08,5,3.593813663804626e-10,0.001,0,7399.72682829883,682.0845745623703
7,3.162277660168379e-08,5,1.2915496650148826e-09,0.001,0,7399.726828300566,682.08457456285
7,3.162277660168379e-08,5,4.641588833612773e-09,0.001,0,7399.726828306802,682.0845745645742
7,3.162277660168379e-08,5,1.6681005372000592e-08,0.001,0,7399.726828329219,682.0845745707705
7,3.162277660168379e-08,5,5.99484250318941e-08,0.001,0,7399.726828409786,682.0845745930393
7,3.162277660168379e-08,5,2.1544346900318867e-07,0.001,0,7399.726828699331,682.0845746730695
7,3.162277660168379e-08,5,7.742636826811278e-07,0.001,0,7399.726829739906,682.0845749606827
7,3.162277660168379e-08,5,2.782559402207126e-06,0.001,0,7399.72683347951,682.0845759943105
7,3.162277660168379e-08,5,1e-05,0.001,0,7399.726846918969,682.084579708977
7,5.62341325190349e-07,5,1e-10,0.001,0,2339296.854930969,215403.42903936486
7,5.62341325190349e-07,5,3.593813663804626e-10,0.001,0,2339296.8549311208,215403.42903940708
7,5.62341325190349e-07,5,1.2915496650148826e-09,0.001,0,2339296.85493167,215403.42903955877
7,5.62341325190349e-07,5,4.641588833612773e-09,0.001,0,2339296.8549336423,215403.42904010342
7,5.62341325190349e-07,5,1.6681005372000592e-08,0.001,0,2339296.8549407334,215403.429042061
7,5.62341325190349e-07,5,5.99484250318941e-08,0.001,0,2339296.8549662144,215403.4290490962
7,5.62341325190349e-07,5,2.1544346900318867e-07,0.001,0,2339296.8550577946,215403.42907437956
7,5.62341325190349e-07,5,7.742636826811278e-07,0.001,0,2339296.8553869138,215403.4291652431
7,5.62341325190349e-07,5,2.782559402207126e-06,0.001,0,2339296.8565697037,215403.42949178978
7,5.62341325190349e-07,5,1e-05,0.001,0,2339296.860820428,215403.43066533774
7,1e-05,5,1e-10,0.001,0,739722571.1281798,68112343.1987009
7,1e-05,5,3.593813663804626e-10,0.001,0,739722571.128228,68112343.19871424
7,1e-05,5,1.2915496650148826e-09,0.001,0,739722571.1284022,68112343.1987622
7,1e-05,5,4.641588833612773e-09,0.001,0,739722571.1290263,68112343.1989344
7,1e-05,5,1.6681005372000592e-08,0.001,0,739722571.1312681,68112343.1995534
7,1e-05,5,5.99484250318941e-08,0.001,0,739722571.1393265,68112343.20177802
7,1e-05,5,2.1544346900318867e-07,0.001,0,739722571.1682861,68112343.20977272
7,1e-05,5,7.742636826811278e-07,0.001,0,739722571.2723625,68112343.23850425
7,1e-05,5,2.782559402207126e-06,0.001,0,739722571.6463932,68112343.34176002
7,1e-05,5,1e-05,0.001,0,739722572.9905907,68112343.712842
8,1e-10,5,1e-10,0.001,0,132.39101616017027,9.533574739298436
8,1e-10,5,3.593813663804626e-10,0.001,0,132.39101616017413,9.533574739298885
8,1e-10,5,1.2915496650148826e-09,0.001,0,132.39101616018775,9.533574739300477
8,1e-10,5,4.641588833612773e-09,0.001,0,132.3910161602368,9.533574739306204
8,1e-10,5,1.6681005372000592e-08,0.001,0,132.39101616041344,9.533574739326806
8,1e-10,5,5.99484250318941e-08,0.001,0,132.39101616104801,9.533574739400827
8,1e-10,5,2.1544346900318867e-07,0.001,0,132.39101616332854,9.53357473966683
8,1e-10,5,7.742636826811278e-07,0.001,0,132.39101617152448,9.533574740622809
8,1e-10,5,2.782559402207126e-06,0.001,0,132.391016200979,9.533574744058429
8,1e-10,5,1e-05,0.001,0,132.39101630683336,9.5335747564054
8,1.7782794100389228e-09,5,1e-10,0.001,0,41631.25019966413,2842.4341430797967
8,1.7782794100389228e-09,5,3.593813663804626e-10,0.001,0,41631.25019966532,2842.434143079938
8,1.7782794100389228e-09,5,1.2915496650148826e-09,0.001,0,41631.25019966963,2842.4341430804457
8,1.7782794100389228e-09,5,4.641588833612773e-09,0.001,0,41631.250199685215,2842.434143082269
8,1.7782794100389228e-09,5,1.6681005372000592e-08,0.001,0,41631.25019974106,2842.4341430888226
8,1.7782794100389228e-09,5,5.99484250318941e-08,0.001,0,41631.25019994189,2842.4341431123803
8,1.7782794100389228e-09,5,2.1544346900318867e-07,0.001,0,41631.250200663584,2842.4341431970342
8,1.7782794100389228e-09,5,7.742636826811278e-07,0.001,0,41631.25020325721,2842.434143501269
8,1.7782794100389228e-09,5,2.782559402207126e-06,0.001,0,41631.25021257822,2842.4341445946293
8,1.7782794100389228e-09,5,1e-05,0.001,0,41631.25024607624,2842.434148523966
8,3.162277660168379e-08,5,1e-10,0.001,0,13163431.914777413,898437.051788268
8,3.162277660168379e-08,5,3.593813663804626e-10,0.001,0,13163431.914777784,898437.0517883122
8,3.162277660168379e-08,5,1.2915496650148826e-09,0.001,0,13163431.914779155,898437.0517884704
8,3.162277660168379e-08,5,4.641588833612773e-09,0.001,0,13163431.914784072,898437.0517890399
8,3.162277660168379e-08,5,1.6681005372000592e-08,0.001,0,13163431.914801748,898437.0517910836
8,3.162277660168379e-08,5,5.99484250318941e-08,0.001,0,13163431.91486525,898437.0517984311
8,3.162277660168379e-08,5,2.1544346900318867e-07,0.001,0,13163431.91509347,898437.051824835
8,3.162277660168379e-08,5,7.742636826811278e-07,0.001,0,13163431.915913645,898437.0519197261
8,3.162277660168379e-08,5,2.782559402207126e-06,0.001,0,13163431.918861229,898437.0522607474
8,3.162277660168379e-08,5,1e-05,0.001,0,13163431.929454286,898437.0534863136
8,5.62341325190349e-07,5,1e-10,0.001,0,4162612062.941317,284106324.6495509
8,5.62341325190349e-07,5,3.593813663804626e-10,0.001,0,4162612062.9414377,284106324.6495613
8,5.62341325190349e-07,5,1.2915496650148826e-09,0.001,0,4162612062.9418726,284106324.6495988
8,5.62341325190349e-07,5,4.641588833612773e-09,0.001,0,4162612062.9434233,284106324.6497329
8,5.62341325190349e-07,5,1.6681005372000592e-08,0.001,0,4162612062.949008,284106324.6502152
8,5.62341325190349e-07,5,5.99484250318941e-08,0.001,0,4162612062.9690776,284106324.6519487
8,5.62341325190349e-07,5,2.1544346900318867e-07,0.001,0,4162612063.041202,284106324.65817857
8,5.62341325190349e-07,5,7.742636826811278e-07,0.001,0,4162612063.3004026,284106324.6805677
8,5.62341325190349e-07,5,2.782559402207126e-06,0.001,0,4162612064.2319326,284106324.7610298
8,5.62341325190349e-07,5,1e-05,0.001,0,4162612067.579673,284106325.05019635
8,1e-05,5,1e-10,0.001,0,1316298648428.172,89850167531.72253
8,1e-05,5,3.593813663804626e-10,0.001,0,1316298648428.2095,89850167531.70584
8,1e-05,5,1.2915496650148826e-09,0.001,0,1316298648428.3447,89850167531.64592
8,1e-05,5,4.641588833612773e-09,0.001,0,1316298648428.8306,89850167531.43054
8,1e-05,5,1.6681005372000592e-08,0.001,0,1316298648430.5774,89850167530.6564
8,1e-05,5,5.99484250318941e-08,0.001,0,1316298648436.8535,89850167527.87436
8,1e-05,5,2.1544346900318867e-07,0.001,0,1316298648459.408,89850167517.87625
8,1e-05,5,7.742636826811278e-07,0.001,0,1316298648540.4656,89850167481.9448
8,1e-05,5,2.782559402207126e-06,0.001,0,1316298648831.7715,89850167352.81378
8,1e-05,5,1e-05,0.001,0,1316298649878.6702,89850166888.74121
9,1e-10,5,1e-10,0.001,0,237076.64050662596,11889.51276339925
9,1e-10,5,3.593813663804626e-10,0.001,0,237076.6405066269,11889.512763399434
9,1e-10,5,1.2915496650148826e-09,0.001,0,237076.64050663036,11889.5127634001
9,1e-10,5,4.641588833612773e-09,0.001,0,237076.64050664223,11889.512763402487
9,1e-10,5,1.6681005372000592e-08,0.001,0,237076.6405066855,11889.512763411058
9,1e-10,5,5.99484250318941e-08,0.001,0,237076.6405068409,11889.512763441873
9,1e-10,5,2.1544346900318867e-07,0.001,0,237076.64050739884,11889.51276355262
9,1e-10,5,7.742636826811278e-07,0.001,0,237076.64050940378,11889.512763950606
9,1e-10,5,2.782559402207126e-06,0.001,0,237076.64051660977,11889.512765380916
9,1e-10,5,1e-05,0.001,0,237076.64054250746,11889.512770521196
9,1.7782794100389228e-09,5,1e-10,0.001,0,74966933.44045557,3759063.2012230866
9,1.7782794100389228e-09,5,3.593813663804626e-10,0.001,0,74966933.44045587,3759063.201223146
9,1.7782794100389228e-09,5,1.2915496650148826e-09,0.001,0,74966933.44045693,3759063.2012233557
9,1.7782794100389228e-09,5,4.641588833612773e-09,0.001,0,74966933.44046073,3759063.201224109
9,1.7782794100389228e-09,5,1.6681005372000592e-08,0.001,0,74966933.4404744,3759063.2012268193
9,1.7782794100389228e-09,5,5.99484250318941e-08,0.001,0,74966933.44052348,3759063.2012365623
9,1.7782794100389228e-09,5,2.1544346900318867e-07,0.001,0,74966933.4406999,3759063.2012715717
9,1.7782794100389228e-09,5,7.742636826811278e-07,0.001,0,74966933.44133405,3759063.2013973896
9,1.7782794100389228e-09,5,2.782559402207126e-06,0.001,0,74966933.44361287,3759063.2018495565
9,1.7782794100389228e-09,5,1e-05,0.001,0,74966933.45180248,3759063.203474573
9,3.162277660168379e-08,5,1e-10,0.001,0,23706568045.49644,1188709702.0810678
9,3.162277660168379e-08,5,3.593813663804626e-10,0.001,0,23706568045.49653,1188709702.0810857
9,3.162277660168379e-08,5,1.2915496650148826e-09,0.001,0,23706568045.496864,1188709702.081152
9,3.162277660168379e-08,5,4.641588833612773e-09,0.001,0,23706568045.498055,1188709702.0813906
9,3.162277660168379e-08,5,1.6681005372000592e-08,0.001,0,23706568045.502384,1188709702.0822477
9,3.162277660168379e-08,5,5.99484250318941e-08,0.001,0,23706568045.517914,1188709702.0853283
9,3.162277660168379e-08,5,2.1544346900318867e-07,0.001,0,23706568045.573708,1188709702.0963993
9,3.162277660168379e-08,5,7.742636826811278e-07,0.001,0,23706568045.77421,1188709702.136185
9,3.162277660168379e-08,5,2.782559402207126e-06,0.001,0,23706568046.494835,1188709702.2791705
9,3.162277660168379e-08,5,1e-05,0.001,0,23706568049.084625,1188709702.7930374
9,5.62341325190349e-07,5,1e-10,0.001,0,7496662181408.73,375902240650.00214
9,5.62341325190349e-07,5,3.593813663804626e-10,0.001,0,7496662181408.757,375902240650.00793
9,5.62341325190349e-07,5,1.2915496650148826e-09,0.001,0,7496662181408.862,375902240650.02905
9,5.62341325190349e-07,5,4.641588833612773e-09,0.001,0,7496662181409.244,375902240650.10443
9,5.62341325190349e-07,5,1.6681005372000592e-08,0.001,0,7496662181410.612,375902240650.3757
9,5.62341325190349e-07,5,5.99484250318941e-08,0.001,0,7496662181415.519,375902240651.34955
9,5.62341325190349e-07,5,2.1544346900318867e-07,0.001,0,7496662181433.161,375902240654.8504
9,5.62341325190349e-07,5,7.742636826811278e-07,0.001,0,7496662181496.568,375902240667.4321
9,5.62341325190349e-07,5,2.782559402207126e-06,0.001,0,7496662181724.449,375902240712.6481
9,5.62341325190349e-07,5,1e-05,0.001,0,7496662182543.41,375902240875.14624
9,1e-05,5,1e-10,0.001,0,2369369530779951.0,119190732107924.17
9,1e-05,5,3.593813663804626e-10,0.001,0,2369369530779968.0,119190732107970.16
9,1e-05,5,1.2915496650148826e-09,0.001,0,2369369530780035.0,119190732108135.44
9,1e-05,5,4.641588833612773e-09,0.001,0,2369369530780267.0,119190732108729.27
9,1e-05,5,1.6681005372000592e-08,0.001,0,2369369530781107.5,119190732110863.61
9,1e-05,5,5.99484250318941e-08,0.001,0,2369369530784122.0,119190732118533.94
9,1e-05,5,2.1544346900318867e-07,0.001,0,2369369530794959.5,119190732146099.8
9,1e-05,5,7.742636826811278e-07,0.001,0,2369369530833908.0,119190732245166.27
9,1e-05,5,2.782559402207126e-06,0.001,0,2369369530973878.5,119190732601192.7
9,1e-05,5,1e-05,0.001,0,2369369531476910.5,119190733880685.88
